DollarValue Online Data Definition,Unnamed: 1
,
Table: DollarValue Orders,
Order ID,The Order ID for the order. Each order may contain more than 1 product.
Order Date,The date when the order was accepted/received
Ship Date,The date of shipping for the order
Product ID,The product ID of the item ordered by the customer. This Product ID identifies the specific product in the Products table
Customer ID,The Customer ID of the customer who made the order. The Customer ID identifies the specific customer in the Customers table
City,The City where the order was shipped to
State/Province,The State/Province where the order was shipped to
Country/Region,The Country/Region where the order was shipped to
Postal Code,The Postal Code where the order was shipped to
Region,The Region where the order was shipped to
ShipMode ID,The type of shipping options chosen (and paid for) by the customers. The ShipMode ID identifies the specific shipping type in the Shipping Options table
Discount,The Discount given for the order (in %)
Profit,The Profit for the particular transaction/order (in US$)
Quantity,The Quantity of the specific products in the order
Sales,The Sales revenue for the particular transaction/order (in US$)
,
,
Table: Products,
Product Code,The unique identifier for the products. This corresponds to the Product ID in the DollarValue Orders
Product Name,The name of the product
Product Category,The category of the product
Product Sub-Category,The sub-category of the product
,
,
Table: Managers,
Sales Manager,The name of the sales manager
Region,The region where the sales manager is responsible for
Salary,The yearly salary of the Sales Manager (in US$)
,
Table: Customers,
Customer Code,The unique identifier for the customers. This corresponds to the Customer ID in the DollarValue Orders
Customer Name,The name of the customer
Customer Segment,"The customer segment (i.e., Consumer, Corporate, Home Office)"
,
,
Table: Shipping Options,
Shipping Code,The unique identifier for the shipping options/type
Shipping Type,The shipping options/types
Expected Shipping,The number of days the shipment is expected after the order is accepted/received
Shipping Cost,The cost of shipping the customer pay when ordering (in US$)
,
Table: Returned Orders,
Returned ,The Order ID of orders that had been returned by customers
Reason,"The customer's reason for returning the product (i.e., Defective, Damaged, Item not as described, or Changed mind)"
