Returned,Reason
USA-2022-169943,Changed mind
USA-2021-149083,Defective
USA-2021-148964,Item not as described
USA-2023-168655,Defective
USA-2021-119291,Defective
USA-2023-152261,Changed mind
USA-2023-107629,Damaged
USA-2020-155502,Item not as described
USA-2021-120845,Item not as described
USA-2022-107328,Damaged
USA-2023-145807,Defective
USA-2021-158554,Item not as described
USA-2022-163461,Item not as described
USA-2020-131541,Item not as described
USA-2020-168501,Defective
USA-2023-163979,Defective
USA-2023-115105,Item not as described
USA-2022-132304,Changed mind
USA-2023-149146,Item not as described
USA-2023-128944,Defective
USA-2022-136371,Changed mind
USA-2023-107503,Damaged
USA-2022-161907,Changed mind
USA-2023-144498,Defective
USA-2022-168361,Damaged
USA-2021-153612,Damaged
USA-2023-117128,Changed mind
USA-2021-157770,Defective
USA-2023-138779,Defective
USA-2021-130785,Changed mind
USA-2022-101525,Defective
USA-2022-112697,Damaged
USA-2023-103009,Changed mind
USA-2021-142993,Changed mind
USA-2021-167010,Changed mind
USA-2022-131744,Changed mind
USA-2022-157749,Changed mind
USA-2023-133648,Item not as described
USA-2023-150525,Item not as described
USA-2022-112578,Defective
USA-2023-108560,Damaged
USA-2023-139913,Damaged
USA-2021-153626,Item not as described
USA-2023-124779,Item not as described
CAD-2022-115238,Defective
USA-2021-126753,Defective
USA-2020-146703,Defective
USA-2023-140844,Item not as described
USA-2023-116358,Item not as described
USA-2023-131037,Defective
USA-2021-122210,Defective
USA-2021-121608,Changed mind
USA-2020-107398,Changed mind
USA-2023-120147,Damaged
USA-2023-127782,Damaged
USA-2023-144680,Defective
USA-2022-152457,Defective
USA-2021-148250,Damaged
USA-2023-116652,Item not as described
USA-2020-165393,Damaged
USA-2023-143252,Damaged
USA-2020-144666,Changed mind
USA-2023-124303,Defective
USA-2020-138317,Changed mind
USA-2022-157266,Damaged
USA-2023-103065,Changed mind
USA-2021-131338,Changed mind
USA-2023-102736,Item not as described
USA-2021-113145,Changed mind
USA-2020-153969,Damaged
USA-2020-132542,Changed mind
USA-2021-142237,Defective
USA-2022-130400,Defective
USA-2023-117632,Damaged
USA-2023-137631,Damaged
USA-2021-102260,Changed mind
USA-2022-129280,Damaged
USA-2023-121125,Item not as described
USA-2022-141082,Damaged
USA-2022-107146,Changed mind
USA-2021-143105,Changed mind
USA-2021-129525,Defective
USA-2021-135020,Changed mind
USA-2023-117457,Item not as described
USA-2022-150147,Defective
USA-2021-110016,Damaged
USA-2020-148614,Damaged
CAD-2020-166086,Damaged
USA-2023-147361,Defective
USA-2021-166219,Item not as described
USA-2021-124541,Defective
USA-2023-156776,Changed mind
USA-2021-130519,Changed mind
USA-2023-130953,Item not as described
USA-2023-137414,Item not as described
USA-2023-139787,Item not as described
USA-2023-168389,Damaged
USA-2023-132031,Damaged
USA-2023-106131,Defective
USA-2023-111332,Changed mind
USA-2020-123855,Changed mind
USA-2023-119284,Item not as described
USA-2022-121671,Defective
USA-2020-124478,Damaged
